INSERT INTO "Role" ("Id", "Description", "IsActive","CreatedBy", "UpdatedBy") VALUES
('550e8400-e29b-41d4-a716-446655440000', 'Client', TRUE,  '650e8400-e29b-41d4-a716-446655440004', '650e8400-e29b-41d4-a716-446655440004'),
('550e8400-e29b-41d4-a716-446655440009', 'Sender', TRUE,  '650e8400-e29b-41d4-a716-446655440049', '650e8400-e29b-41d4-a716-446655440049'),
('550e8400-e29b-41d4-a716-446655440021', 'Courier', TRUE, '650e8400-e29b-41d4-a716-446655445721', '650e8400-e29b-41d4-a716-446655445721'),
('550e8400-e29b-41d4-a716-446623440021', 'Admin', TRUE, '550e8400-e29b-41d4-a716-446623440021', '550e8400-e29b-41d4-a716-446623440021');



INSERT INTO "User" ("Id", "RoleId", "Name", "Email", "Phone", "UserName", "Password", "IsActive", "CreatedBy", "UpdatedBy", "IsApproved") values
('650e8400-e29b-41d4-a716-446655440777', '550e8400-e29b-41d4-a716-446623440021', 'Admin', 'Admin@example.com', '1234567890', 'Admin', 'password123', TRUE,  '650e8400-e29b-41d4-a716-446655440004', '650e8400-e29b-41d4-a716-446655440004',TRUE),
('650e8400-e29b-41d4-a716-446655440004', '550e8400-e29b-41d4-a716-446655440000', 'Ivan', 'ivan@example.com', '1234567890', 'ivanh', 'password123', TRUE,  '650e8400-e29b-41d4-a716-446655440004', '650e8400-e29b-41d4-a716-446655440004', TRUE),
('650e8400-e29b-41d4-a716-446655440002', '550e8400-e29b-41d4-a716-446655440000', 'Ana', 'jane@example.com', '2345678901', 'anak', 'password123', TRUE,  '650e8400-e29b-41d4-a716-446655440002', '650e8400-e29b-41d4-a716-446655440002', TRUE),
('650e8400-e29b-41d4-a716-446655440026', '550e8400-e29b-41d4-a716-446655440000', 'Marko', 'mike@example.com', '3456789012', 'markob', 'password123', TRUE,  '650e8400-e29b-41d4-a716-446655440026', '650e8400-e29b-41d4-a716-446655440026', TRUE),
('650e8400-e29b-41d4-a716-446655440049', '550e8400-e29b-41d4-a716-446655440009', 'McDonalds', 'mcdonalds@example.com', '1234567890', 'mcdonalds', 'password123', TRUE,  '650e8400-e29b-41d4-a716-446655440049', '650e8400-e29b-41d4-a716-446655440049', TRUE),
('650e8400-e29b-41d4-a716-446655440512', '550e8400-e29b-41d4-a716-446655440009', 'BurgerKing', 'burger@example.com', '5678901234', 'tombrown', 'password123', TRUE,  '650e8400-e29b-41d4-a716-446655440512', '650e8400-e29b-41d4-a716-446655440512', TRUE),
('650e8400-e29b-41d4-a716-446655440415', '550e8400-e29b-41d4-a716-446655440009', 'Ikea', 'ikea@example.com', '6789012345', 'emilywhite', 'password123', TRUE,  '650e8400-e29b-41d4-a716-446655440415', '650e8400-e29b-41d4-a716-446655440415', TRUE),
('650e8400-e29b-41d4-a716-446655447818', '550e8400-e29b-41d4-a716-446655440009', 'Pevex', 'pevex@example.com', '7890123456', 'davidwilson', 'password123', TRUE,  '650e8400-e29b-41d4-a716-446655447818', '650e8400-e29b-41d4-a716-446655447818', TRUE),
('650e8400-e29b-41d4-a716-446655445721', '550e8400-e29b-41d4-a716-446655440021', 'Marija', 'marija@example.com', '8901234567', 'marijan', 'password123', TRUE, '650e8400-e29b-41d4-a716-446655445721', '650e8400-e29b-41d4-a716-446655445721', TRUE),
('650e8400-e29b-41d4-a716-446655445324', '550e8400-e29b-41d4-a716-446655440021', 'Luka', 'luka@example.com', '9012345678', 'lukap', 'password123', TRUE, '650e8400-e29b-41d4-a716-446655445324', '650e8400-e29b-41d4-a716-446655445324', TRUE),
('650e8400-e29b-41d4-a716-446655447527', '550e8400-e29b-41d4-a716-446655440021', 'Petra', 'petra@example.com', '0123456789', 'petram', 'password123', TRUE, '650e8400-e29b-41d4-a716-446655447527', '650e8400-e29b-41d4-a716-446655447527', TRUE);

INSERT INTO "Client" ("Id", "Surname", "Address", "UserId", "CreatedBy", "UpdatedBy") VALUES
('750e8400-e29b-41d4-a716-446655440000', 'Horvat', 'Ul. kralja Tomislava 1, 21000 Split', '650e8400-e29b-41d4-a716-446655440004', '650e8400-e29b-41d4-a716-446655440004', '650e8400-e29b-41d4-a716-446655440004'),
('750e8400-e29b-41d4-a716-446655440003', 'Kovačić', 'Ul. Andrije Hebranga 2, 10000 Zagreb', '650e8400-e29b-41d4-a716-446655440002', '650e8400-e29b-41d4-a716-446655440002', '650e8400-e29b-41d4-a716-446655440002'),
('750e8400-e29b-41d4-a716-446655440006', 'Babić', 'Ul. Ante Starčevića 1, 51000 Rijeka', '650e8400-e29b-41d4-a716-446655440026', '650e8400-e29b-41d4-a716-446655440026', '650e8400-e29b-41d4-a716-446655440026');


INSERT INTO "Sender" ("Id", "Address", "UserId", "CreatedBy", "UpdatedBy") VALUES
('850e8400-e29b-41d4-a716-446876440000', 'Trg bana Josipa Jelačića 1, 10000 Zagreb', '650e8400-e29b-41d4-a716-446655440049', '650e8400-e29b-41d4-a716-446655440049', '650e8400-e29b-41d4-a716-446655440049'),
('850e8400-e29b-41d4-a716-446964440003', 'Ul. Špire Brusine 1, 23000 Zadar', '650e8400-e29b-41d4-a716-446655440512', '650e8400-e29b-41d4-a716-446655440512', '650e8400-e29b-41d4-a716-446655440512'),
('850e8400-e29b-41d4-a716-446245440006', 'Zrinsko-Frankopanska ul. 38, 21000 Split', '650e8400-e29b-41d4-a716-446655440415', '650e8400-e29b-41d4-a716-446655440415', '650e8400-e29b-41d4-a716-446655440415'),
('850e8400-e29b-41d4-a716-446658440009', 'Korzo 2, 51000 Rijeka', '650e8400-e29b-41d4-a716-446655447818', '650e8400-e29b-41d4-a716-446655447818', '650e8400-e29b-41d4-a716-446655447818');

INSERT INTO "Courier" ("Id", "Surname", "UserId", "CreatedBy", "UpdatedBy") VALUES
('950e8400-e29b-41d4-a716-446655443340', 'Novak', '650e8400-e29b-41d4-a716-446655445721', '650e8400-e29b-41d4-a716-446655445721', '650e8400-e29b-41d4-a716-446655445721'),
('950e8400-e29b-41d4-a716-446655445432', 'Perić', '650e8400-e29b-41d4-a716-446655445324', '650e8400-e29b-41d4-a716-446655445324', '650e8400-e29b-41d4-a716-446655445324'),
('950e8400-e29b-41d4-a716-446655345506', 'Marić', '650e8400-e29b-41d4-a716-446655447527', '650e8400-e29b-41d4-a716-446655447527', '650e8400-e29b-41d4-a716-446655447527');

INSERT INTO "Package" ("Id", "ClientId", "SenderId", "CourierId", "Weight", "Remark", "DeliveryAddress", "IsActive","CreatedBy", "UpdatedBy" ) VALUES
('a50e8400-e29b-41d4-a716-446655434680', '750e8400-e29b-41d4-a716-446655440000', '850e8400-e29b-41d4-a716-446876440000', '950e8400-e29b-41d4-a716-446655443340', 1.5, 'Fragile', '123 Main St', TRUE, '850e8400-e29b-41d4-a716-446876440000', '850e8400-e29b-41d4-a716-446876440000'),
('a50e8400-e29b-41d4-a716-446655345003', '750e8400-e29b-41d4-a716-446655440003', '850e8400-e29b-41d4-a716-446964440003', '950e8400-e29b-41d4-a716-446655445432', 2.0, 'Handle with care', '456 Oak St', TRUE, '850e8400-e29b-41d4-a716-446964440003', '850e8400-e29b-41d4-a716-446964440003'),
('a50e8400-e29b-41d4-a716-446655456406', '750e8400-e29b-41d4-a716-446655440006', '850e8400-e29b-41d4-a716-446245440006', '950e8400-e29b-41d4-a716-446655345506', 3.5, 'Heavy', '789 Pine St', TRUE, '850e8400-e29b-41d4-a716-446245440006', '850e8400-e29b-41d4-a716-446245440006');

INSERT INTO "Payment" ("Id", "PackageId", "Price", "PaymentDate", "IsActive", "CreatedBy", "UpdatedBy") VALUES
('b50e8400-e29b-41d4-a716-446655435340', 'a50e8400-e29b-41d4-a716-446655434680', 100, CURRENT_TIMESTAMP, TRUE, '850e8400-e29b-41d4-a716-446876440000', '850e8400-e29b-41d4-a716-446876440000'),
('b50e8400-e29b-41d4-a716-446655444753', 'a50e8400-e29b-41d4-a716-446655345003', 150, CURRENT_TIMESTAMP, TRUE,'850e8400-e29b-41d4-a716-446964440003', '850e8400-e29b-41d4-a716-446964440003'),
('b50e8400-e29b-41d4-a716-446655442236', 'a50e8400-e29b-41d4-a716-446655456406', 200, CURRENT_TIMESTAMP, TRUE, '850e8400-e29b-41d4-a716-446245440006', '850e8400-e29b-41d4-a716-446245440006');

INSERT INTO "PaymentMethod" ("Id", "PaymentId", "Type", "IsActive", "CreatedBy", "UpdatedBy") VALUES
('c50e8400-e29b-41d4-a716-446623441600', 'b50e8400-e29b-41d4-a716-446655435340', 'Credit Card', TRUE, '850e8400-e29b-41d4-a716-446876440000', '850e8400-e29b-41d4-a716-446876440000'),
('c50e8400-e29b-41d4-a716-446453448703', 'b50e8400-e29b-41d4-a716-446655444753', 'PayPal', TRUE,'850e8400-e29b-41d4-a716-446964440003', '850e8400-e29b-41d4-a716-446964440003'),
('c50e8400-e29b-41d4-a716-446698446506', 'b50e8400-e29b-41d4-a716-446655442236', 'Cash', TRUE, '850e8400-e29b-41d4-a716-446964440003', '850e8400-e29b-41d4-a716-446964440003');

INSERT INTO "DeliveryStatus" ("Id", "Status", "Date", "IsActive", "CreatedBy", "UpdatedBy") VALUES
('d50e8400-e29b-41d4-a716-446655440000', 'Pending', '2024-01-01', TRUE, '850e8400-e29b-41d4-a716-446876440000', '850e8400-e29b-41d4-a716-446876440000'),
('d50e8400-e29b-41d4-a716-446655440003', 'In Transit', '2024-01-02', TRUE, '850e8400-e29b-41d4-a716-446964440003', '850e8400-e29b-41d4-a716-446964440003'),
('d50e8400-e29b-41d4-a716-446655440006', 'Delivered', '2024-01-03', TRUE,  '850e8400-e29b-41d4-a716-446964440003', '850e8400-e29b-41d4-a716-446964440003');

INSERT INTO "Rating" ("Id", "ClientId", "PackageId", "RatingNumber", "Comment", "IsActive", "CreatedBy", "UpdatedBy") VALUES
('e50e8400-e29b-41d4-a716-446655440000', '750e8400-e29b-41d4-a716-446655440000', 'a50e8400-e29b-41d4-a716-446655434680', 5, 'Excellent service!', TRUE, '750e8400-e29b-41d4-a716-446655440000', '750e8400-e29b-41d4-a716-446655440000'),
('e50e8400-e29b-41d4-a716-446655440003', '750e8400-e29b-41d4-a716-446655440003', 'a50e8400-e29b-41d4-a716-446655345003', 4, 'Good service', TRUE, '750e8400-e29b-41d4-a716-446655440003', '750e8400-e29b-41d4-a716-446655440003'),
('e50e8400-e29b-41d4-a716-446655440006', '750e8400-e29b-41d4-a716-446655440006', 'a50e8400-e29b-41d4-a716-446655456406', 3, 'Average service', TRUE,'750e8400-e29b-41d4-a716-446655440006', '750e8400-e29b-41d4-a716-446655440006');

INSERT INTO "DeliveryLog" ("Id", "PackageId", "DeliveryStatusId", "CreatedBy", "UpdatedBy") VALUES
('f50e8400-e29b-41d4-a716-446655440000', 'a50e8400-e29b-41d4-a716-446655434680', 'd50e8400-e29b-41d4-a716-446655440000', '850e8400-e29b-41d4-a716-446876440000', '850e8400-e29b-41d4-a716-446876440000'),
('f50e8400-e29b-41d4-a716-446655440003', 'a50e8400-e29b-41d4-a716-446655345003', 'd50e8400-e29b-41d4-a716-446655440003', '850e8400-e29b-41d4-a716-446964440003', '850e8400-e29b-41d4-a716-446964440003'),
('f50e8400-e29b-41d4-a716-446655440006', 'a50e8400-e29b-41d4-a716-446655456406', 'd50e8400-e29b-41d4-a716-446655440006', '850e8400-e29b-41d4-a716-446245440006', '850e8400-e29b-41d4-a716-446245440006');
